{
  "builders": [
    {
      "type": "virtualbox-iso",
      "guest_os_type": "Ubuntu_64",
      "iso_url": "http://releases.ubuntu.com/20.04/ubuntu-20.04.6-live-server-amd64.iso",
      "iso_checksum_type": "sha256",
      "ssh_username": "vagrant",
      "ssh_password": "vagrant",
      "ssh_wait_timeout": "20m",
      "shutdown_command": "echo 'vagrant'|sudo -S shutdown -P now",
      "boot_command": [
        "<wait>"
      ]
    }
  ],
  "provisioners": [
    {
      "type": "shell",
      "script": "provision.sh"
    }
  ]
}
